{
  "epoch": 1,
  "best_val_f1": 1.0,
  "val_accuracy": 1.0,
  "val_loss": 0.6721029955407848,
  "train_loss": 1.2307634141710069
}